config_hash,molecule,bond_length,mapping,ansatz,reps,optimizer,maxiter,backend,fake_backend,shots,mitigation,seed,status,error_message,e_vqe,e_vqe_unmitigated,e_hf,e_exact,error_mHa,chemical_accuracy,num_qubits,num_params,logical_depth,transpiled_depth,two_qubit_gates,n_evals,total_shots,wall_time_s,git_commit,timestamp
00219da78d06,H2,0.735,parity,hea,1,spsa,150,noisy,FakeSherbrooke,4096.0,readout,42,ok,,-1.1213394331098852,-1.0871368080253334,-1.116998996754004,-1.1373060357534004,15.966602643515238,False,2,8,6,15.0,1.0,151,1245184,9.38423805399998,4d967a7,2026-10-03T06:36:34+00:00
0094eccd4748,H2,0.9,parity,hea,1,cobyla,150,ideal,,,none,42,ok,,-1.1204936614562928,,-1.091914041020057,-1.1205602812999886,0.06661984369582541,True,2,8,6,,,151,0,3.4132540549999817,46e9225,2026-10-03T07:12:13+00:00
010f97675e4f,H2,2.5,parity,hea,2,cobyla,150,noisy,FakeSherbrooke,4096.0,readout+zne,42,ok,,-0.723368780178218,-0.7232757858352339,-0.7029435997235269,-0.9360549199556059,212.6861397773878,False,2,12,9,23.0,2.0,90,1482752,8.507226365000008,2b542a9,2026-10-03T08:35:16+00:00
03629863ccba,H2,0.735,parity,hea,2,cobyla,150,noisy,FakeSherbrooke,4096.0,readout+zne,42,ok,,-1.1332156645161473,-1.091300914930346,-1.116998996754004,-1.1373060357534004,4.090371237253088,False,2,12,9,23.0,2.0,75,1236992,9.367965571000013,4d967a7,2026-10-03T06:37:00+00:00
0388bb7cd950,H2,0.735,parity,hea,2,spsa,150,noisy,FakeSherbrooke,1024.0,zne,42,ok,,-1.0830649568477848,-1.0768792395541524,-1.116998996754004,-1.1373060357534004,54.24107890561558,False,2,12,9,23.0,2.0,151,618496,10.504298858000027,4d967a7,2026-10-03T06:37:09+00:00
0422ac7d2cba,H2,0.6,parity,hea,1,cobyla,150,ideal,,,none,42,ok,,-1.116277242465794,,-1.1011282422677016,-1.1162860068695397,0.008764403745642468,True,2,8,6,,,151,0,3.673075009999991,46e9225,2026-10-03T07:12:10+00:00
04c686565de4,H2,0.735,jordan_wigner,hea,2,spsa,150,noisy,FakeSherbrooke,4096.0,zne,42,ok,,0.014196287180947231,0.016694870182693555,-1.116998996754004,-1.1373060357534004,1151.5023229343476,False,4,24,12,36.0,6.0,151,6184960,33.59788829400003,4d967a7,2026-10-03T06:35:18+00:00
06e9dcaf0e7a,H2,0.735,parity,hea,1,cobyla,150,noisy,FakeSherbrooke,4096.0,readout+zne,42,ok,,-0.37685805176221276,-0.36144449245004806,-1.116998996754004,-1.1373060357534004,760.4479839911876,False,2,8,6,15.0,1.0,58,958464,9.304471404000026,4d967a7,2026-10-03T06:36:24+00:00
084e65d2ece8,H2,0.735,jordan_wigner,uccsd,1,cobyla,80,ideal,,,none,42,ok,,-1.1373060335006189,,-1.116998996754004,-1.1373060357534004,2.2527815168871257e-06,True,4,3,112,,,41,0,3.6869783320000025,ba7e130,2026-10-03T06:12:07+00:00
0b9f9db6084c,H2,0.735,parity,hea,1,cobyla,150,noisy,FakeSherbrooke,4096.0,none,42,ok,,-0.34100388619575595,,-1.116998996754004,-1.1373060357534004,796.3021495576445,False,2,8,6,15.0,1.0,55,450560,6.642902438999954,4d967a7,2026-10-03T06:36:18+00:00
0be51e03af67,H2,0.735,parity,hea,1,cobyla,150,noisy,FakeSherbrooke,4096.0,zne,42,ok,,-0.3665025899060458,-0.3680165176331244,-1.116998996754004,-1.1373060357534004,770.8034458473546,False,2,8,6,15.0,1.0,60,983040,9.427105975000018,4d967a7,2026-10-03T06:36:22+00:00
0c68fc6a3045,H2,1.8,parity,uccsd,1,lbfgsb,80,ideal,,,none,42,ok,,-0.9618169527889467,,-0.8288481479269775,-0.9618169527925807,3.6339820042030624e-09,True,2,3,18,,,37,0,3.592087276000001,46e9225,2026-10-03T07:12:37+00:00
0cb3a70ffdd7,H2,0.735,jordan_wigner,hea,2,spsa,150,noisy,FakeSherbrooke,4096.0,readout+zne,42,ok,,-0.12656730054998844,-0.11971944904583798,-1.116998996754004,-1.1373060357534004,1010.7387352034118,False,4,24,12,36.0,6.0,151,6193152,33.840264741,4d967a7,2026-10-03T06:35:20+00:00
0d7922067b20,H2,0.735,jordan_wigner,uccsd,1,cobyla,150,noisy,FakeSherbrooke,4096.0,none,42,ok,,-0.8540585962195802,,-1.116998996754004,-1.1373060357534004,283.24743953382017,False,4,3,112,217.0,49.0,24,491520,8.376815237999999,4d967a7,2026-10-03T06:31:22+00:00
0db149ee8c38,H2,0.735,parity,hea,2,spsa,150,noisy,FakeSherbrooke,1024.0,readout,42,ok,,-1.1357163834252306,-1.0964713925288039,-1.116998996754004,-1.1373060357534004,1.589652328169766,True,2,12,9,23.0,2.0,151,311296,7.888687312999991,4d967a7,2026-10-03T06:37:05+00:00
0efab64364cb,H2,0.735,parity,hea,1,cobyla,150,noisy,FakeSherbrooke,1024.0,none,42,ok,,-0.34186727070461564,,-1.116998996754004,-1.1373060357534004,795.4387650487847,False,2,8,6,15.0,1.0,50,102400,5.5100836439999625,4d967a7,2026-10-03T06:36:10+00:00
1232ee8e6d69,H2,1.0,parity,hea,1,cobyla,150,ideal,,,none,42,ok,,-1.1009046830234497,,-1.0661086493179366,-1.1011503302326187,0.24564720916897542,True,2,8,6,,,151,0,3.2443489560000103,46e9225,2026-10-03T07:12:14+00:00
1270e52610a6,H2,0.7,parity,hea,2,cobyla,150,noisy,FakeSherbrooke,4096.0,readout+zne,42,ok,,-1.1333532892549658,-1.089095230426791,-1.1173490349902786,-1.1361894540659225,2.8361648109567206,False,2,12,9,23.0,2.0,75,1236992,11.657052023999995,2b542a9,2026-10-03T08:34:52+00:00
130239d0a21e,H2,0.735,parity,hea,1,cobyla,150,noisy,FakeSherbrooke,1024.0,readout+zne,42,ok,,-0.3904078243645802,-0.36474238927809777,-1.116998996754004,-1.1373060357534004,746.8982113888202,False,2,8,6,15.0,1.0,50,206848,6.743558725000014,4d967a7,2026-10-03T06:36:17+00:00
14317029da73,H2,0.735,parity,uccsd,1,cobyla,150,noisy,FakeSherbrooke,4096.0,zne,42,ok,,-1.101200007230692,-1.0861174231551871,-1.116998996754004,-1.1373060357534004,36.106028522708385,False,2,3,18,38.0,4.0,26,425984,6.173145207999994,4d967a7,2026-10-03T06:35:43+00:00
14edfb06a9a5,H2,0.5,parity,uccsd,1,spsa,150,noisy,FakeSherbrooke,1024.0,readout+zne,42,ok,,-1.042028661379099,-0.9878324169418036,-1.042996274540095,-1.0551597944706248,13.131133091525804,False,2,3,18,38.0,4.0,151,620544,39.05247017299999,2b542a9,2026-10-03T08:30:56+00:00
153ab0ecfde7,H2,0.735,jordan_wigner,uccsd,1,spsa,150,noisy,FakeSherbrooke,4096.0,zne,42,ok,,-0.996899740486911,-0.871406049054631,-1.116998996754004,-1.1373060357534004,140.4062952664894,False,4,3,112,217.0,49.0,151,6184960,56.04808505800001,4d967a7,2026-10-03T06:32:22+00:00
16b578362421,H2,0.735,parity,uccsd,1,spsa,150,noisy,FakeSherbrooke,4096.0,zne,42,ok,,-1.1022801123892352,-1.0897822291598551,-1.116998996754004,-1.1373060357534004,35.02592336416521,False,2,3,18,38.0,4.0,151,2473984,13.810985861999995,4d967a7,2026-10-03T06:36:04+00:00
191625fd38da,H2,0.735,jordan_wigner,uccsd,1,cobyla,80,noisy,FakeSherbrooke,1024.0,none,42,ok,,-0.8627419051998718,,-1.116998996754004,-1.1373060357534004,274.56413055352857,False,4,3,112,217.0,49.0,30,153600,10.938345501999997,ba7e130,2026-10-03T06:12:07+00:00
1968bea2714c,H2,0.735,jordan_wigner,uccsd,1,cobyla,150,noisy,FakeSherbrooke,1024.0,readout+zne,42,ok,,-0.9607202793444417,-0.8148640392701719,-1.116998996754004,-1.1373060357534004,176.58575640895867,False,4,3,112,217.0,49.0,29,299008,14.17526372,4d967a7,2026-10-03T06:31:14+00:00
1994cbca446f,H2,1.0,parity,hea,2,cobyla,150,noisy,FakeSherbrooke,4096.0,readout+zne,42,ok,,-1.0791288744284122,-1.0514613755990836,-1.0661086493179366,-1.1011503302326187,22.021455804206447,False,2,12,9,23.0,2.0,75,1236992,12.31379131899996,2b542a9,2026-10-03T08:34:53+00:00
1a5bba3426ba,H2,2.1,parity,hea,1,spsa,150,noisy,FakeSherbrooke,1024.0,readout+zne,42,ok,,-0.928007405858766,-0.9045517750772918,-0.7641776516167973,-0.9443746811197422,16.367275260976257,False,2,8,6,15.0,1.0,151,620544,10.900046928999984,2b542a9,2026-10-03T08:34:15+00:00
1c7c49cac27f,H2,0.8,parity,hea,2,cobyla,150,noisy,FakeSherbrooke,4096.0,readout+zne,42,ok,,-1.1176131350952965,-1.085084447960595,-1.1108503974765949,-1.1341476666770953,16.534531581798852,False,2,12,9,23.0,2.0,78,1286144,11.891689241999984,2b542a9,2026-10-03T08:34:52+00:00
1cd9f6eb7bf7,H2,0.735,jordan_wigner,uccsd,1,spsa,150,noisy,FakeSherbrooke,4096.0,readout+zne,42,ok,,-1.0154326864190266,-0.8629616745716425,-1.116998996754004,-1.1373060357534004,121.87334933437377,False,4,3,112,217.0,49.0,151,6193152,58.125008352999984,4d967a7,2026-10-03T06:32:25+00:00
1d46ee27f239,H2,0.4,parity,hea,1,spsa,150,noisy,FakeSherbrooke,1024.0,readout+zne,42,ok,,-0.9185664128351068,-0.8399921767028684,-0.9043613941635389,-0.9141497046270843,4.416708208022424,False,2,8,6,15.0,1.0,151,620544,48.596561124000004,2b542a9,2026-10-03T08:33:13+00:00
207fd374fbd8,H2,0.735,parity,hea,1,lbfgsb,150,ideal,,,none,42,ok,,-1.117361576734507,,-1.116998996754004,-1.1373060357534004,19.9444590188933,False,2,8,6,,,154,0,0.990960733999998,4d967a7,2026-10-03T06:36:44+00:00
20cf8b551c4d,H2,0.735,jordan_wigner,uccsd,1,cobyla,150,noisy,FakeSherbrooke,4096.0,readout+zne,42,ok,,-1.0398767548632941,-0.8752221983649374,-1.116998996754004,-1.1373060357534004,97.42928089010627,False,4,3,112,217.0,49.0,30,1236992,15.287353472999996,4d967a7,2026-10-03T06:31:28+00:00
21cff0bcd97d,H2,0.735,parity,uccsd,1,spsa,150,noisy,FakeSherbrooke,4096.0,readout+zne,42,ok,,-1.133156634334421,-1.0888172860133496,-1.116998996754004,-1.1373060357534004,4.149401418979348,False,2,3,18,38.0,4.0,151,2482176,13.962276023000015,4d967a7,2026-10-03T06:36:05+00:00
221d21691df5,H2,0.8,parity,hea,2,spsa,150,noisy,FakeSherbrooke,1024.0,readout,42,ok,,-1.1307361546542714,-1.0948498907652686,-1.1108503974765949,-1.1341476666770953,3.4115120228239704,False,2,12,9,23.0,2.0,151,311296,7.601223032000007,46e9225,2026-10-03T07:12:59+00:00
230835799fcc,H2,0.735,jordan_wigner,uccsd,1,cobyla,150,ideal,,,none,42,ok,,-1.1373060335006193,,-1.116998996754004,-1.1373060357534004,2.252781072797916e-06,True,4,3,112,,,41,0,3.7848743790000015,4d967a7,2026-10-03T06:31:10+00:00
23ac25732073,H2,0.735,jordan_wigner,hea,1,cobyla,150,noisy,FakeSherbrooke,4096.0,readout,42,ok,,0.8927950624247014,0.8503196148970402,-1.116998996754004,-1.1373060357534004,2030.101098178102,False,4,16,8,23.0,3.0,94,1933312,12.534729925999997,4d967a7,2026-10-03T06:32:56+00:00
2479f0e4c9d2,H2,0.735,parity,hea,2,cobyla,150,noisy,FakeSherbrooke,1024.0,zne,42,ok,,-1.0969916693259063,-1.0933306798663267,-1.116998996754004,-1.1373060357534004,40.314366427494086,False,2,12,9,23.0,2.0,73,299008,7.323733763999996,4d967a7,2026-10-03T06:36:51+00:00
25c3155165e4,H2,1.8,parity,hea,2,spsa,150,noisy,FakeSherbrooke,1024.0,readout,42,ok,,-0.9538009940002051,-0.9331645567949997,-0.8288481479269775,-0.9618169527925807,8.0159587923756,False,2,12,9,23.0,2.0,151,311296,7.838028027000007,46e9225,2026-10-03T07:13:07+00:00
2685cff6a003,H2,0.735,parity,hea,2,spsa,150,ideal,,,none,42,ok,,-1.1372377782254732,,-1.116998996754004,-1.1373060357534004,0.06825752792716244,True,2,12,9,,,151,0,0.9647085779999998,4d967a7,2026-10-03T06:37:04+00:00
28d418ffcf05,H2,0.735,parity,hea,2,cobyla,150,noisy,FakeSherbrooke,1024.0,readout,42,ok,,-1.1218962031643391,-1.0840733944244243,-1.116998996754004,-1.1373060357534004,15.409832589061256,False,2,12,9,23.0,2.0,73,151552,6.2598856740000315,4d967a7,2026-10-03T06:36:46+00:00
2ace4a5e464f,H2,1.5,parity,hea,1,cobyla,150,ideal,,,none,42,ok,,-0.9972314748766558,,-0.9108735545943865,-0.9981493534714101,0.91787859475434,True,2,8,6,,,151,0,3.3145643180000093,46e9225,2026-10-03T07:12:17+00:00
2b6487f561bd,H2,0.735,parity,hea,2,cobyla,150,ideal,,,none,42,ok,,-1.1373051574581803,,-1.116998996754004,-1.1373060357534004,0.0008782952201080718,True,2,12,9,,,151,0,1.4586212660000228,4d967a7,2026-10-03T06:36:44+00:00
2cfc2f3d9936,H2,1.2,parity,hea,2,cobyla,150,noisy,FakeSherbrooke,4096.0,readout+zne,42,ok,,-1.0202601924628851,-0.99907304126092,-1.005106706568489,-1.0567407463052567,36.48055384237159,False,2,12,9,23.0,2.0,75,1236992,11.982795798999973,2b542a9,2026-10-03T08:35:04+00:00
2e45ce0a0c0c,H2,0.735,parity,hea,1,spsa,150,noisy,FakeSherbrooke,1024.0,zne,42,ok,,-1.0911377509986826,-1.0852404168493042,-1.116998996754004,-1.1373060357534004,46.16828475471779,False,2,8,6,15.0,1.0,151,618496,10.494656339000016,4d967a7,2026-10-03T06:36:32+00:00
306e1d2a1d69,H2,0.8,parity,uccsd,1,lbfgsb,80,ideal,,,none,42,ok,,-1.1341476666770909,,-1.1108503974765949,-1.1341476666770953,4.440892098500626e-12,True,2,3,18,,,33,0,3.1417428919999963,46e9225,2026-10-03T07:12:33+00:00
3182a333f425,H2,0.735,jordan_wigner,hea,1,cobyla,150,noisy,FakeSherbrooke,4096.0,none,42,ok,,0.8573978391862239,,-1.116998996754004,-1.1373060357534004,1994.7038749396243,False,4,16,8,23.0,3.0,97,1986560,13.451901747999983,4d967a7,2026-10-03T06:32:53+00:00
319ace6f5a3a,H2,0.735,parity,hea,1,spsa,150,noisy,FakeSherbrooke,4096.0,zne,42,ok,,-1.0770583339399766,-1.0752213994061712,-1.116998996754004,-1.1373060357534004,60.24770181342376,False,2,8,6,15.0,1.0,151,2473984,13.826588724000032,4d967a7,2026-10-03T06:36:43+00:00
33dd74a147b6,H2,0.735,parity,hea,1,cobyla,150,noisy,FakeSherbrooke,1024.0,zne,42,ok,,-0.3547722333235285,-0.3561037405208508,-1.116998996754004,-1.1373060357534004,782.5338024298719,False,2,8,6,15.0,1.0,50,204800,6.613077491000013,4d967a7,2026-10-03T06:36:16+00:00
3459812bd1c7,H2,0.735,jordan_wigner,hea,2,cobyla,150,noisy,FakeSherbrooke,4096.0,zne,42,ok,,-0.5413333470306044,-0.5344410150988225,-1.116998996754004,-1.1373060357534004,595.972688722796,False,4,24,12,36.0,6.0,151,6184960,34.51338713200002,4d967a7,2026-10-03T06:34:30+00:00
36d3c2a5b046,H2,0.9,parity,hea,1,spsa,150,noisy,FakeSherbrooke,1024.0,readout+zne,42,ok,,-1.116713290567602,-1.0759940751813382,-1.091914041020057,-1.1205602812999886,3.8469907323865904,False,2,8,6,15.0,1.0,151,620544,13.026840107999988,2b542a9,2026-10-03T08:34:01+00:00
36d4c6991331,H2,0.6,parity,hea,2,cobyla,150,noisy,FakeSherbrooke,4096.0,readout+zne,42,ok,,-1.114220147958011,-1.0615004063793276,-1.1011282422677016,-1.1162860068695397,2.065858911528773,False,2,12,9,23.0,2.0,77,1269760,12.021754810999994,2b542a9,2026-10-03T08:34:41+00:00
375c87311526,H2,0.735,parity,hea,1,spsa,150,noisy,FakeSherbrooke,1024.0,readout,42,ok,,-1.1207680794672275,-1.0835328600383547,-1.116998996754004,-1.1373060357534004,16.53795628617294,False,2,8,6,15.0,1.0,151,311296,7.899238029000003,4d967a7,2026-10-03T06:36:26+00:00
376bc08e8c03,H2,0.735,jordan_wigner,hea,2,spsa,150,noisy,FakeSherbrooke,1024.0,readout+zne,42,ok,,-0.2838264013467947,-0.27742884936019463,-1.116998996754004,-1.1373060357534004,853.4796344066057,False,4,24,12,36.0,6.0,151,1548288,22.24922902900002,4d967a7,2026-10-03T06:34:57+00:00
3786bbe9aff2,H2,0.735,parity,hea,1,cobyla,150,noisy,FakeSherbrooke,1024.0,readout,42,ok,,-1.0449845693872315,-1.0099997583758333,-1.116998996754004,-1.1373060357534004,92.32146636616889,False,2,8,6,15.0,1.0,99,204800,6.416092011999979,4d967a7,2026-10-03T06:36:11+00:00
383002fab426,H2,0.8,parity,uccsd,1,spsa,150,noisy,FakeSherbrooke,1024.0,readout+zne,42,ok,,-1.1358815498506627,-1.0961904548891788,-1.1108503974765949,-1.1341476666770953,1.7338831735673743,False,2,3,18,38.0,4.0,151,620544,22.670998328999985,2b542a9,2026-10-03T08:31:35+00:00
388cbd53e219,H2,0.735,jordan_wigner,uccsd,1,cobyla,150,noisy,FakeSherbrooke,1024.0,zne,42,ok,,-0.9659973577136852,-0.8608855858218681,-1.116998996754004,-1.1373060357534004,171.30867803971518,False,4,3,112,217.0,49.0,32,327680,16.229118860000003,4d967a7,2026-10-03T06:31:11+00:00
3a3126b22c80,H2,0.6,parity,hea,2,spsa,150,noisy,FakeSherbrooke,1024.0,readout,42,ok,,-1.1120739008982037,-1.0646318449565337,-1.1011282422677016,-1.1162860068695397,4.212105971336033,False,2,12,9,23.0,2.0,151,311296,9.793467476000018,46e9225,2026-10-03T07:12:49+00:00
3b279e254132,H2,0.735,jordan_wigner,hea,1,lbfgsb,80,ideal,,,none,42,ok,,-0.32645424198035056,,-1.116998996754004,-1.1373060357534004,810.8517937730498,False,4,16,8,,,120,0,1.2489511359999952,ba7e130,2026-10-03T06:12:19+00:00
3d0e63faa854,H2,1.2,parity,uccsd,1,lbfgsb,80,ideal,,,none,42,ok,,-1.0567407463047362,,-1.005106706568489,-1.0567407463052567,5.204725539442734e-10,True,2,3,18,,,37,0,3.089600754999992,46e9225,2026-10-03T07:12:36+00:00
3d61f4dcef5d,H2,0.735,jordan_wigner,uccsd,1,spsa,150,noisy,FakeSherbrooke,1024.0,readout,42,ok,,-0.9032207131455495,-0.8782324527661755,-1.116998996754004,-1.1373060357534004,234.08532260785086,False,4,3,112,217.0,49.0,151,775168,22.268700365999997,4d967a7,2026-10-03T06:31:36+00:00
3d982baddfba,H2,0.4,parity,uccsd,1,spsa,150,noisy,FakeSherbrooke,1024.0,readout+zne,42,ok,,-0.8963729125601385,-0.8318693532711547,-0.9043613941635389,-0.9141497046270843,17.776792066945823,False,2,3,18,38.0,4.0,151,620544,39.433617870999996,2b542a9,2026-10-03T08:30:56+00:00
3e69641adee6,H2,0.735,jordan_wigner,hea,1,spsa,150,noisy,FakeSherbrooke,1024.0,readout,42,ok,,-1.0093932520331124,-0.9763640412298292,-1.116998996754004,-1.1373060357534004,127.91278372028802,False,4,16,8,23.0,3.0,151,775168,12.490006225999991,4d967a7,2026-10-03T06:33:24+00:00
3e6a5bc38c54,H2,0.735,jordan_wigner,hea,2,cobyla,150,noisy,FakeSherbrooke,1024.0,readout+zne,42,ok,,-0.5356434224736698,-0.5324656909341775,-1.116998996754004,-1.1373060357534004,601.6626132797306,False,4,24,12,36.0,6.0,135,1384448,21.363306959,4d967a7,2026-10-03T06:34:09+00:00
42faa421f6bf,H2,0.735,jordan_wigner,hea,1,spsa,150,noisy,FakeSherbrooke,4096.0,readout,42,ok,,-0.3414913366419302,-0.33150225776969566,-1.116998996754004,-1.1373060357534004,795.8146991114702,False,4,16,8,23.0,3.0,151,3100672,18.311657212,4d967a7,2026-10-03T06:33:36+00:00
4489573309b4,H2,0.735,parity,uccsd,1,spsa,150,noisy,FakeSherbrooke,1024.0,none,42,ok,,-1.0801420970731237,,-1.116998996754004,-1.1373060357534004,57.163938680276694,False,2,3,18,38.0,4.0,151,309248,7.6105805720000035,4d967a7,2026-10-03T06:35:50+00:00
44972378f386,H2,0.7,parity,hea,1,cobyla,150,ideal,,,none,42,ok,,-1.1360208301732309,,-1.1173490349902786,-1.1361894540659225,0.1686238926916772,True,2,8,6,,,151,0,3.353882118999991,46e9225,2026-10-03T07:12:13+00:00
44b34d6bfc11,H2,0.735,jordan_wigner,hea,2,spsa,150,noisy,FakeSherbrooke,1024.0,none,42,ok,,-0.5796932794003816,,-1.116998996754004,-1.1373060357534004,557.6127563530188,False,4,24,12,36.0,6.0,151,773120,12.862701477000002,4d967a7,2026-10-03T06:34:43+00:00
455bde747b9d,H2,1.8,parity,hea,1,spsa,150,noisy,FakeSherbrooke,1024.0,readout+zne,42,ok,,-0.93314559410462,-0.9061895959819121,-0.8288481479269775,-0.9618169527925807,28.67135868796078,False,2,8,6,15.0,1.0,151,620544,10.81950461699995,2b542a9,2026-10-03T08:34:14+00:00
47cd278a6ad8,H2,2.5,parity,hea,1,cobyla,150,ideal,,,none,42,ok,,-0.9316718842694529,,-0.7029435997235269,-0.9360549199556059,4.383035686152947,False,2,8,6,,,151,0,1.0315447640000173,46e9225,2026-10-03T07:12:20+00:00
481415b884b2,H2,0.735,jordan_wigner,hea,2,spsa,150,ideal,,,none,42,ok,,0.067315983532516,,-1.116998996754004,-1.1373060357534004,1204.6220192859164,False,4,24,12,,,151,0,1.2525182230000098,4d967a7,2026-10-03T06:34:43+00:00
4851787063fb,H2,0.735,parity,uccsd,1,spsa,150,noisy,FakeSherbrooke,1024.0,readout+zne,42,ok,,-1.1367289334103137,-1.0927076378101233,-1.116998996754004,-1.1373060357534004,0.5771023430867217,True,2,3,18,38.0,4.0,151,620544,10.610721437999985,4d967a7,2026-10-03T06:35:54+00:00
4961ecce72ee,H2,0.4,parity,hea,2,cobyla,150,noisy,FakeSherbrooke,4096.0,readout+zne,42,ok,,-0.9005865953666516,-0.8345690569626703,-0.9043613941635389,-0.9141497046270843,13.563109260432693,False,2,12,9,23.0,2.0,74,1220608,11.492593526000007,2b542a9,2026-10-03T08:34:41+00:00
49ba2a0d8c21,H2,0.8,parity,hea,1,spsa,150,noisy,FakeSherbrooke,1024.0,readout+zne,42,ok,,-1.1339790125989078,-1.0935139564929444,-1.1108503974765949,-1.1341476666770953,0.16865407818755784,True,2,8,6,15.0,1.0,151,620544,13.462684161000027,2b542a9,2026-10-03T08:34:00+00:00
4ab828a77458,H2,0.735,jordan_wigner,hea,1,cobyla,150,noisy,FakeSherbrooke,4096.0,readout+zne,42,ok,,0.9132914463837557,0.8497160559366121,-1.116998996754004,-1.1373060357534004,2050.597482137156,False,4,16,8,23.0,3.0,96,3940352,22.213421538000006,4d967a7,2026-10-03T06:33:09+00:00
4bef888d3dda,H2,0.735,parity,uccsd,1,cobyla,80,ideal,,,none,42,ok,,-1.1373060335006189,,-1.116998996754004,-1.1373060357534004,2.2527815168871257e-06,True,2,3,18,,,41,0,1.633264744999991,ba7e130,2026-10-03T06:12:20+00:00
53d2c9423810,H2,0.735,jordan_wigner,uccsd,1,spsa,80,ideal,,,none,42,ok,,-1.1372967556833742,,-1.116998996754004,-1.1373060357534004,0.009280070026207454,True,4,3,112,,,81,0,5.8406234000000055,ba7e130,2026-10-03T06:12:07+00:00
53fc4729f833,H2,0.735,parity,hea,2,spsa,150,noisy,FakeSherbrooke,1024.0,none,42,ok,,-1.111869225926866,,-1.116998996754004,-1.1373060357534004,25.43680982653429,False,2,12,9,23.0,2.0,151,309248,7.7012236630000075,4d967a7,2026-10-03T06:37:04+00:00
5606e97bcd7a,H2,0.735,parity,uccsd,1,cobyla,150,noisy,FakeSherbrooke,1024.0,readout,42,ok,,-1.0927883783360097,-1.0636225983276217,-1.116998996754004,-1.1373060357534004,44.517657417390666,False,2,3,18,38.0,4.0,33,69632,5.1924110219999875,4d967a7,2026-10-03T06:35:26+00:00
56a5a913abc7,H2,0.735,jordan_wigner,hea,1,spsa,150,ideal,,,none,42,ok,,0.022841430041317112,,-1.116998996754004,-1.1373060357534004,1160.1474657947174,False,4,16,8,,,151,0,1.202298600000006,4d967a7,2026-10-03T06:33:18+00:00
592c38df1223,H2,0.735,parity,hea,1,spsa,150,noisy,FakeSherbrooke,4096.0,readout+zne,42,ok,,-1.1182671029037494,-1.0835342747491183,-1.116998996754004,-1.1373060357534004,19.03893284965097,False,2,8,6,15.0,1.0,151,2482176,13.723995813999977,4d967a7,2026-10-03T06:36:43+00:00
5960e5110917,H2,0.5,parity,hea,2,cobyla,150,noisy,FakeSherbrooke,4096.0,readout+zne,42,ok,,-1.0431046894167035,-0.9871970991640289,-1.042996274540095,-1.0551597944706248,12.055105053921267,False,2,12,9,23.0,2.0,74,1220608,11.817943466999964,2b542a9,2026-10-03T08:34:41+00:00
5bdc1aea2142,H2,0.735,parity,uccsd,1,cobyla,150,noisy,FakeSherbrooke,4096.0,readout,42,ok,,-1.1187634149574377,-1.0860285297150165,-1.116998996754004,-1.1373060357534004,18.542620795962694,False,2,3,18,38.0,4.0,28,237568,5.532452896999985,4d967a7,2026-10-03T06:35:38+00:00
5c337a40ba61,H2,0.735,jordan_wigner,hea,1,spsa,150,noisy,FakeSherbrooke,4096.0,none,42,ok,,-0.977355363582047,,-1.116998996754004,-1.1373060357534004,159.9506721713534,False,4,16,8,23.0,3.0,151,3092480,18.435540628000012,4d967a7,2026-10-03T06:33:32+00:00
5c4d2c0843cd,H2,0.735,parity,hea,2,spsa,150,noisy,FakeSherbrooke,4096.0,readout+zne,42,ok,,-1.1296818139788427,-1.0922694144253615,-1.116998996754004,-1.1373060357534004,7.624221774557682,False,2,12,9,23.0,2.0,151,2482176,12.049851769999975,4d967a7,2026-10-03T06:37:21+00:00
62e583fcb679,H2,2.5,parity,hea,1,spsa,150,noisy,FakeSherbrooke,1024.0,readout+zne,42,ok,,-0.9283414442044342,-0.9062377603479805,-0.7029435997235269,-0.9360549199556059,7.71347575117165,False,2,8,6,15.0,1.0,151,620544,8.367190951999987,2b542a9,2026-10-03T08:34:25+00:00
64384118d9bf,H2,0.735,parity,hea,1,cobyla,80,ideal,,,none,42,ok,,-1.1291621829166116,,-1.116998996754004,-1.1373060357534004,8.143852836788756,False,2,8,6,,,81,0,0.8880723349999897,ba7e130,2026-10-03T06:12:24+00:00
659b89ed31b0,H2,0.735,jordan_wigner,hea,1,spsa,150,noisy,FakeSherbrooke,1024.0,readout+zne,42,ok,,-0.4743542445742418,-0.46928281017560136,-1.116998996754004,-1.1373060357534004,662.9517911791586,False,4,16,8,23.0,3.0,151,1548288,20.655926849000025,4d967a7,2026-10-03T06:33:31+00:00
6654ae9080f7,H2,2.1,parity,uccsd,1,lbfgsb,80,ideal,,,none,42,ok,,-0.9443746811196845,,-0.7641776516167973,-0.9443746811197422,5.773159728050814e-11,True,2,3,18,,,53,0,3.691654676999974,46e9225,2026-10-03T07:12:37+00:00
674086652b7f,H2,2.5,parity,uccsd,1,spsa,150,noisy,FakeSherbrooke,1024.0,readout+zne,42,ok,,-0.9336801747973968,-0.9078377064281598,-0.7029435997235269,-0.9360549199556059,2.374745158209013,False,2,3,18,38.0,4.0,151,620544,6.785909556000007,2b542a9,2026-10-03T08:32:19+00:00
6b9eda44c7c7,H2,0.735,jordan_wigner,hea,2,spsa,150,noisy,FakeSherbrooke,1024.0,zne,42,ok,,-0.750302932105907,-0.7337883074181099,-1.116998996754004,-1.1373060357534004,387.00310364749333,False,4,24,12,36.0,6.0,151,1546240,22.29544355500002,4d967a7,2026-10-03T06:34:56+00:00
6bf8d1035296,H2,0.735,parity,hea,1,spsa,80,ideal,,,none,42,ok,,-1.1013976221474318,,-1.116998996754004,-1.1373060357534004,35.90841360596863,False,2,8,6,,,81,0,0.6329958799999957,ba7e130,2026-10-03T06:12:25+00:00
6c5c0b07a4a0,H2,0.735,jordan_wigner,uccsd,1,cobyla,150,noisy,FakeSherbrooke,1024.0,readout,42,ok,,-0.8827708637680663,-0.858620983966302,-1.116998996754004,-1.1373060357534004,254.53517198533405,False,4,3,112,217.0,49.0,28,145408,11.072936370000004,4d967a7,2026-10-03T06:31:10+00:00
6c752b7ab9d9,H2,0.735,parity,uccsd,1,lbfgsb,80,ideal,,,none,42,ok,,-1.137306035753395,,-1.116998996754004,-1.1373060357534004,5.329070518200751e-12,True,2,3,18,,,33,0,1.095824645999997,ba7e130,2026-10-03T06:12:24+00:00
6ca379c66ef3,H2,0.735,parity,hea,2,spsa,150,noisy,FakeSherbrooke,4096.0,zne,42,ok,,-1.098354631959623,-1.0928936262577573,-1.116998996754004,-1.1373060357534004,38.95140379377749,False,2,12,9,23.0,2.0,151,2473984,12.366641566999988,4d967a7,2026-10-03T06:37:19+00:00
6e0be4e803cf,H2,0.7,parity,uccsd,1,lbfgsb,80,ideal,,,none,42,ok,,-1.1361894540659199,,-1.1173490349902786,-1.1361894540659225,2.6645352591003757e-12,True,2,3,18,,,33,0,3.2832315569999935,46e9225,2026-10-03T07:12:33+00:00
6eb9db6d7c4f,H2,0.9,parity,uccsd,1,spsa,150,noisy,FakeSherbrooke,1024.0,readout+zne,42,ok,,-1.1225030555444413,-1.0870643030108755,-1.091914041020057,-1.1205602812999886,1.9427742444526608,False,2,3,18,38.0,4.0,151,620544,22.638953208999993,2b542a9,2026-10-03T08:31:35+00:00
6f2f3e6f0b50,H2,0.735,parity,uccsd,1,cobyla,150,noisy,FakeSherbrooke,1024.0,readout+zne,42,ok,,-1.1132724686709157,-1.0758840837360704,-1.116998996754004,-1.1373060357534004,24.03356708248472,False,2,3,18,38.0,4.0,29,120832,6.261544022999999,4d967a7,2026-10-03T06:35:31+00:00
6f52a32efa91,H2,0.735,jordan_wigner,uccsd,1,spsa,150,noisy,FakeSherbrooke,1024.0,zne,42,ok,,-1.0058616203783592,-0.868088162623106,-1.116998996754004,-1.1373060357534004,131.44441537504116,False,4,3,112,217.0,49.0,151,1546240,44.167339723000005,4d967a7,2026-10-03T06:31:41+00:00
70d10412c64a,H2,0.735,parity,uccsd,1,cobyla,150,noisy,FakeSherbrooke,4096.0,readout+zne,42,ok,,-1.1175685830673516,-1.0764333525552017,-1.116998996754004,-1.1373060357534004,19.737452686048762,False,2,3,18,38.0,4.0,30,499712,6.638369565999994,4d967a7,2026-10-03T06:35:44+00:00
7156c3b863f1,H2,0.6,parity,uccsd,1,spsa,150,noisy,FakeSherbrooke,1024.0,readout+zne,42,ok,,-1.1155594550093417,-1.0626269839410825,-1.1011282422677016,-1.1162860068695397,0.7265518601979881,True,2,3,18,38.0,4.0,151,620544,38.479739346,2b542a9,2026-10-03T08:30:57+00:00
796d321f4dd2,H2,0.3,parity,hea,2,spsa,150,noisy,FakeSherbrooke,1024.0,readout,42,ok,,-0.594464838235595,-0.5177411076070846,-0.5938277585357272,-0.6018037107656871,7.338872530092022,False,2,12,9,23.0,2.0,151,311296,9.626348966999984,46e9225,2026-10-03T07:12:49+00:00
799fcbf85305,H2,0.735,parity,uccsd,1,cobyla,150,noisy,FakeSherbrooke,1024.0,zne,42,ok,,-1.1008509316934445,-1.079434476931738,-1.116998996754004,-1.1373060357534004,36.455104059955886,False,2,3,18,38.0,4.0,30,122880,5.824608554000008,4d967a7,2026-10-03T06:35:31+00:00
7a0878e6911f,H2,0.735,parity,hea,1,spsa,150,ideal,,,none,42,ok,,-1.116741746967136,,-1.116998996754004,-1.1373060357534004,20.564288786264484,False,2,8,6,,,151,0,1.0902458749999937,4d967a7,2026-10-03T06:36:25+00:00
7a529ad8193c,H2,1.5,parity,uccsd,1,spsa,150,noisy,FakeSherbrooke,1024.0,readout+zne,42,ok,,-0.9943264119645776,-0.9705732473626891,-0.9108735545943865,-0.9981493534714101,3.822941506832489,False,2,3,18,38.0,4.0,151,620544,21.03820318999999,2b542a9,2026-10-03T08:31:58+00:00
7ac34a8d6efd,H2,0.735,parity,uccsd,1,cobyla,150,noisy,FakeSherbrooke,1024.0,none,42,ok,,-1.0940395941779015,,-1.116998996754004,-1.1373060357534004,43.26644157549886,False,2,3,18,38.0,4.0,33,67584,5.295659166999997,4d967a7,2026-10-03T06:35:26+00:00
7d3d159e0f13,H2,1.8,parity,hea,2,cobyla,150,noisy,FakeSherbrooke,4096.0,readout+zne,42,ok,,-0.8442467064185425,-0.8353139713026846,-0.8288481479269775,-0.9618169527925807,117.57024637403823,False,2,12,9,23.0,2.0,79,1302528,12.141955842000016,2b542a9,2026-10-03T08:35:05+00:00
7d4a2ff439f8,H2,2.5,parity,hea,2,spsa,150,noisy,FakeSherbrooke,1024.0,readout,42,ok,,-0.9327107774111054,-0.9098176178942738,-0.7029435997235269,-0.9360549199556059,3.344142544500439,False,2,12,9,23.0,2.0,151,311296,5.969366387999997,46e9225,2026-10-03T07:13:15+00:00
7e38c8c0486b,H2,2.1,parity,hea,1,cobyla,150,ideal,,,none,42,ok,,-0.927318483385799,,-0.7641776516167973,-0.9443746811197422,17.05619773394318,False,2,8,6,,,151,0,3.1977439110000034,46e9225,2026-10-03T07:12:17+00:00
7fe40606a84d,H2,0.735,jordan_wigner,hea,1,lbfgsb,150,ideal,,,none,42,ok,,-0.32685526708586166,,-1.116998996754004,-1.1373060357534004,810.4507686675387,False,4,16,8,,,171,0,1.3348344799999836,4d967a7,2026-10-03T06:33:52+00:00
83a6891e5cf0,H2,0.735,jordan_wigner,hea,1,spsa,150,noisy,FakeSherbrooke,1024.0,none,42,ok,,-0.8424125140243613,,-1.116998996754004,-1.1373060357534004,294.89352172903904,False,4,16,8,23.0,3.0,151,773120,12.474757251,4d967a7,2026-10-03T06:33:20+00:00
83f4ee6405a9,H2,0.735,jordan_wigner,hea,2,cobyla,150,noisy,FakeSherbrooke,1024.0,none,42,ok,,-0.526440651022083,,-1.116998996754004,-1.1373060357534004,610.8653847313174,False,4,24,12,36.0,6.0,149,762880,13.284318935999977,4d967a7,2026-10-03T06:33:55+00:00
84ec496c8673,H2,1.5,parity,hea,1,spsa,150,noisy,FakeSherbrooke,1024.0,readout+zne,42,ok,,-0.9279020065504435,-0.9018432588178895,-0.9108735545943865,-0.9981493534714101,70.24734692096656,False,2,8,6,15.0,1.0,151,620544,10.837977733999992,2b542a9,2026-10-03T08:34:14+00:00
8798534d092c,H2,0.735,parity,hea,2,spsa,150,noisy,FakeSherbrooke,4096.0,none,42,ok,,-1.097217529719801,,-1.116998996754004,-1.1373060357534004,40.08850603359937,False,2,12,9,23.0,2.0,151,1236992,9.146137105000037,4d967a7,2026-10-03T06:37:12+00:00
8addc0fd5155,H2,0.735,jordan_wigner,hea,2,cobyla,150,noisy,FakeSherbrooke,1024.0,zne,42,ok,,-0.5252457499907105,-0.5261061098488217,-1.116998996754004,-1.1373060357534004,612.0602857626899,False,4,24,12,36.0,6.0,142,1454080,21.969878426999998,4d967a7,2026-10-03T06:34:08+00:00
8b3ce4958ba3,H2,0.735,parity,hea,2,cobyla,150,noisy,FakeSherbrooke,4096.0,zne,42,ok,,-1.0781011528731281,-1.075378147043783,-1.116998996754004,-1.1373060357534004,59.20488288027226,False,2,12,9,23.0,2.0,80,1310720,9.738034605999985,4d967a7,2026-10-03T06:36:59+00:00
8bd82f51b67f,H2,0.4,parity,hea,1,cobyla,150,ideal,,,none,42,ok,,-0.9141340566927059,,-0.9043613941635389,-0.9141497046270843,0.015647934378471007,True,2,8,6,,,151,0,3.7206800829999906,46e9225,2026-10-03T07:12:10+00:00
8c359e76031f,H2,0.735,jordan_wigner,hea,1,cobyla,150,ideal,,,none,42,ok,,-1.1164911932597885,,-1.116998996754004,-1.1373060357534004,20.814842493611874,False,4,16,8,,,151,0,1.557100879999993,4d967a7,2026-10-03T06:32:28+00:00
8f35027e2597,H2,0.735,jordan_wigner,hea,1,cobyla,150,noisy,FakeSherbrooke,1024.0,none,42,ok,,0.8607566540920081,,-1.116998996754004,-1.1373060357534004,1998.0626898454084,False,4,16,8,23.0,3.0,95,486400,10.126351354999997,4d967a7,2026-10-03T06:32:28+00:00
8f7d0577cc59,H2,0.735,jordan_wigner,hea,2,cobyla,150,noisy,FakeSherbrooke,4096.0,readout,42,ok,,-0.5226537357306574,-0.5254270157044499,-1.116998996754004,-1.1373060357534004,614.6523000227429,False,4,24,12,36.0,6.0,147,3018752,19.45677515699998,4d967a7,2026-10-03T06:34:23+00:00
90fa179a6484,H2,0.735,jordan_wigner,hea,1,spsa,150,noisy,FakeSherbrooke,4096.0,zne,42,ok,,-1.0640773619449666,-1.0548539409787234,-1.116998996754004,-1.1373060357534004,73.22867380843378,False,4,16,8,23.0,3.0,151,6184960,32.361183106,4d967a7,2026-10-03T06:33:51+00:00
9153e07f5d96,H2,0.735,parity,uccsd,1,cobyla,150,noisy,FakeSherbrooke,4096.0,none,42,ok,,-1.088136705230124,,-1.116998996754004,-1.1373060357534004,49.16933052327632,False,2,3,18,38.0,4.0,29,237568,5.764248321000025,4d967a7,2026-10-03T06:35:37+00:00
92241b1a9f63,H2,0.735,jordan_wigner,hea,2,spsa,150,noisy,FakeSherbrooke,4096.0,readout,42,ok,,0.02583065180529731,0.023180602157451657,-1.116998996754004,-1.1373060357534004,1163.1366875586978,False,4,24,12,36.0,6.0,151,3100672,19.78500470800003,4d967a7,2026-10-03T06:35:05+00:00
92d4f98063cb,H2,0.5,parity,hea,1,cobyla,150,ideal,,,none,42,ok,,-1.0547748697209582,,-1.042996274540095,-1.0551597944706248,0.38492474966655976,True,2,8,6,,,151,0,3.48754993899999,46e9225,2026-10-03T07:12:10+00:00
952b0f52352f,H2,0.735,jordan_wigner,uccsd,1,lbfgsb,150,ideal,,,none,42,ok,,-1.1373060357534,,-1.116998996754004,-1.1373060357534004,4.440892098500626e-13,True,4,3,112,,,33,0,1.3859732789999981,4d967a7,2026-10-03T06:32:26+00:00
973b9403699b,H2,0.6,parity,hea,1,spsa,150,noisy,FakeSherbrooke,1024.0,readout+zne,42,ok,,-1.105734562443844,-1.0533688913310775,-1.1011282422677016,-1.1162860068695397,10.551444425695777,False,2,8,6,15.0,1.0,151,620544,46.65138549899996,2b542a9,2026-10-03T08:33:13+00:00
9821b64fe805,H2,1.8,parity,uccsd,1,spsa,150,noisy,FakeSherbrooke,1024.0,readout+zne,42,ok,,-0.960120626047012,-0.9390520698286241,-0.8288481479269775,-0.9618169527925807,1.6963267455687436,False,2,3,18,38.0,4.0,151,620544,20.73997249300001,2b542a9,2026-10-03T08:31:58+00:00
9847d375904a,H2,2.1,parity,hea,2,cobyla,150,noisy,FakeSherbrooke,4096.0,readout+zne,42,ok,,-0.7859070841864975,-0.7790066420896402,-0.7641776516167973,-0.9443746811197422,158.46759693324475,False,2,12,9,23.0,2.0,88,1449984,12.423211828000035,2b542a9,2026-10-03T08:35:06+00:00
9914b4ba305c,H2,1.0,parity,uccsd,1,spsa,150,noisy,FakeSherbrooke,1024.0,readout+zne,42,ok,,-1.104577380969023,-1.0730719658620154,-1.0661086493179366,-1.1011503302326187,3.427050736404258,False,2,3,18,38.0,4.0,151,620544,22.256373123999992,2b542a9,2026-10-03T08:31:36+00:00
9946fcbb76be,H2,0.7,parity,hea,2,spsa,150,noisy,FakeSherbrooke,1024.0,readout,42,ok,,-1.134248830132858,-1.0931017035880957,-1.1173490349902786,-1.1361894540659225,1.9406239330646002,False,2,12,9,23.0,2.0,151,311296,7.5903700730000025,46e9225,2026-10-03T07:12:59+00:00
9de09b757559,H2,0.735,jordan_wigner,uccsd,1,spsa,150,noisy,FakeSherbrooke,1024.0,none,42,ok,,-0.8768698421160758,,-1.116998996754004,-1.1373060357534004,260.4361936373246,False,4,3,112,217.0,49.0,151,773120,22.447170180999997,4d967a7,2026-10-03T06:31:31+00:00
9e58cafc9981,H2,0.3,parity,uccsd,1,spsa,150,noisy,FakeSherbrooke,1024.0,readout+zne,42,ok,,-0.5842379924955896,-0.5084019295030404,-0.5938277585357272,-0.6018037107656871,17.565718270097452,False,2,3,18,38.0,4.0,151,620544,39.46305813400002,2b542a9,2026-10-03T08:30:56+00:00
a1d339ae08a1,H2,0.735,jordan_wigner,hea,2,cobyla,150,noisy,FakeSherbrooke,4096.0,none,42,ok,,-0.5268608078419429,,-1.116998996754004,-1.1373060357534004,610.4452279114576,False,4,24,12,36.0,6.0,148,3031040,19.047579103000004,4d967a7,2026-10-03T06:34:23+00:00
a1e2395d1548,H2,0.735,jordan_wigner,uccsd,1,cobyla,150,noisy,FakeSherbrooke,4096.0,zne,42,ok,,-0.9998189879531286,-0.868271529514501,-1.116998996754004,-1.1373060357534004,137.48704780027177,False,4,3,112,217.0,49.0,26,1064960,13.705456848999994,4d967a7,2026-10-03T06:31:27+00:00
a2093824d628,H2,0.735,jordan_wigner,uccsd,1,spsa,150,noisy,FakeSherbrooke,1024.0,readout+zne,42,ok,,-0.9968749032724725,-0.8521124756630464,-1.116998996754004,-1.1373060357534004,140.43113248092786,False,4,3,112,217.0,49.0,151,1548288,44.12322991800001,4d967a7,2026-10-03T06:31:44+00:00
a4d46839c167,H2,0.735,parity,hea,2,spsa,150,noisy,FakeSherbrooke,4096.0,readout,42,ok,,-1.1292279948283643,-1.0932879021885062,-1.116998996754004,-1.1373060357534004,8.078040925036056,False,2,12,9,23.0,2.0,151,1245184,9.419167252000022,4d967a7,2026-10-03T06:37:13+00:00
a68015b05f7f,H2,0.9,parity,hea,2,spsa,150,noisy,FakeSherbrooke,1024.0,readout,42,ok,,-1.116664663452529,-1.0849638467727354,-1.091914041020057,-1.1205602812999886,3.8956178474596204,False,2,12,9,23.0,2.0,151,311296,7.619247000999991,46e9225,2026-10-03T07:13:00+00:00
a6af1f1b5a63,H2,1.0,parity,uccsd,1,lbfgsb,80,ideal,,,none,42,ok,,-1.1011503302313246,,-1.0661086493179366,-1.1011503302326187,1.2940759575030825e-09,True,2,3,18,,,37,0,3.2503103849999775,46e9225,2026-10-03T07:12:34+00:00
a6beeb00cd3f,H2,0.735,jordan_wigner,uccsd,1,cobyla,150,noisy,FakeSherbrooke,1024.0,none,42,ok,,-0.8599507035627335,,-1.116998996754004,-1.1373060357534004,277.3553321906669,False,4,3,112,217.0,49.0,30,153600,11.925997121000002,4d967a7,2026-10-03T06:31:10+00:00
a81466880c94,H2,0.735,jordan_wigner,hea,2,lbfgsb,150,ideal,,,none,42,ok,,-0.5868121207330331,,-1.116998996754004,-1.1373060357534004,550.4939150203672,False,4,24,12,,,251,0,1.973577817999967,4d967a7,2026-10-03T06:35:24+00:00
a824cf53208b,H2,0.735,parity,uccsd,1,spsa,150,noisy,FakeSherbrooke,4096.0,readout,42,ok,,-1.1181007185911507,-1.0851582695669792,-1.116998996754004,-1.1373060357534004,19.205317162249713,False,2,3,18,38.0,4.0,151,1245184,9.643913515999998,4d967a7,2026-10-03T06:36:00+00:00
a833cb1624dc,H2,0.735,parity,hea,1,lbfgsb,80,ideal,,,none,42,ok,,-1.007077017598775,,-1.116998996754004,-1.1373060357534004,130.2290181546253,False,2,8,6,,,100,0,0.6567991829999897,ba7e130,2026-10-03T06:12:25+00:00
aa3cb80c3db6,H2,1.5,parity,uccsd,1,lbfgsb,80,ideal,,,none,42,ok,,-0.9981493534509287,,-0.9108735545943865,-0.9981493534714101,2.0481394358284888e-08,True,2,3,18,,,37,0,3.473182094000009,46e9225,2026-10-03T07:12:37+00:00
adb656d16c68,H2,0.735,parity,uccsd,1,cobyla,150,ideal,,,none,42,ok,,-1.137306033500618,,-1.116998996754004,-1.1373060357534004,2.2527824050655454e-06,True,2,3,18,,,41,0,1.1342309249999971,4d967a7,2026-10-03T06:35:25+00:00
adfe5d0fb309,H2,0.735,jordan_wigner,uccsd,1,spsa,150,noisy,FakeSherbrooke,4096.0,none,42,ok,,-0.8800527945912285,,-1.116998996754004,-1.1373060357534004,257.25324116217183,False,4,3,112,217.0,49.0,151,3092480,27.842089260999998,4d967a7,2026-10-03T06:31:54+00:00
ae5b408a2aff,H2,0.735,jordan_wigner,hea,2,cobyla,150,noisy,FakeSherbrooke,1024.0,readout,42,ok,,-0.5425808285351,-0.5370833577222093,-1.116998996754004,-1.1373060357534004,594.7252072183004,False,4,24,12,36.0,6.0,144,739328,13.259908946999985,4d967a7,2026-10-03T06:33:55+00:00
af187da8df1e,H2,0.735,parity,hea,1,cobyla,150,ideal,,,none,42,ok,,-1.136279510128119,,-1.116998996754004,-1.1373060357534004,1.0265256252814936,True,2,8,6,,,151,0,1.2989359850000142,4d967a7,2026-10-03T06:36:09+00:00
b12df231c1d7,H2,0.735,parity,hea,2,cobyla,150,noisy,FakeSherbrooke,4096.0,readout,42,ok,,-1.1262789605514034,-1.0912684158776838,-1.116998996754004,-1.1373060357534004,11.027075201996972,False,2,12,9,23.0,2.0,74,614400,6.956518317000018,4d967a7,2026-10-03T06:36:57+00:00
b141ecbfcb33,H2,0.735,parity,hea,1,spsa,150,noisy,FakeSherbrooke,4096.0,none,42,ok,,-1.0813594567453588,,-1.116998996754004,-1.1373060357534004,55.94657900804157,False,2,8,6,15.0,1.0,151,1236992,9.314395230000002,4d967a7,2026-10-03T06:36:34+00:00
b2ab04158c75,H2,0.7,parity,uccsd,1,spsa,150,noisy,FakeSherbrooke,1024.0,readout+zne,42,ok,,-1.1328982011831465,-1.088002720238702,-1.1173490349902786,-1.1361894540659225,3.2912528827759857,False,2,3,18,38.0,4.0,151,620544,22.614133664000008,2b542a9,2026-10-03T08:31:35+00:00
b337c5130e5b,H2,0.735,jordan_wigner,hea,1,spsa,80,ideal,,,none,42,ok,,-0.15766197108507674,,-1.116998996754004,-1.1373060357534004,979.6440646683236,False,4,16,8,,,81,0,0.6669259740000015,ba7e130,2026-10-03T06:12:18+00:00
b48c2cafe9c0,H2,0.735,jordan_wigner,hea,1,cobyla,150,noisy,FakeSherbrooke,1024.0,readout+zne,42,ok,,0.9433163398343751,0.8614714172911839,-1.116998996754004,-1.1373060357534004,2080.6223755877754,False,4,16,8,23.0,3.0,99,1015808,15.430086669999994,4d967a7,2026-10-03T06:32:40+00:00
b8ccb12faebe,H2,0.735,jordan_wigner,hea,1,spsa,150,noisy,FakeSherbrooke,1024.0,zne,42,ok,,-1.0221927572856213,-1.0050814352865367,-1.116998996754004,-1.1373060357534004,115.11327846777908,False,4,16,8,23.0,3.0,151,1546240,20.7537102,4d967a7,2026-10-03T06:33:30+00:00
b9aedf8a94bb,H2,0.735,parity,hea,2,lbfgsb,150,ideal,,,none,42,ok,,-1.1373060349750834,,-1.116998996754004,-1.1373060357534004,7.783169664321576e-07,True,2,12,9,,,131,0,0.8461926669999684,4d967a7,2026-10-03T06:37:21+00:00
bc2d963edfe9,H2,0.735,parity,hea,2,cobyla,150,noisy,FakeSherbrooke,1024.0,none,42,ok,,-1.0836000404801114,,-1.116998996754004,-1.1373060357534004,53.705995273289005,False,2,12,9,23.0,2.0,72,147456,6.390986747999989,4d967a7,2026-10-03T06:36:45+00:00
bc64b22d29dd,H2,0.4,parity,hea,2,spsa,150,noisy,FakeSherbrooke,1024.0,readout,42,ok,,-0.90313523104065,-0.8383158785614824,-0.9043613941635389,-0.9141497046270843,11.01447358643437,False,2,12,9,23.0,2.0,151,311296,10.205513038999982,46e9225,2026-10-03T07:12:49+00:00
bcb0a8f7b09d,H2,0.735,jordan_wigner,hea,1,cobyla,150,noisy,FakeSherbrooke,4096.0,zne,42,ok,,0.8746320641729278,0.8534921746943518,-1.116998996754004,-1.1373060357534004,2011.9380999263283,False,4,16,8,23.0,3.0,102,4177920,23.21412631000001,4d967a7,2026-10-03T06:33:07+00:00
bd7d836c8885,H2,0.735,parity,uccsd,1,spsa,150,noisy,FakeSherbrooke,1024.0,readout,42,ok,,-1.1242047990127086,-1.0936015737951132,-1.116998996754004,-1.1373060357534004,13.101236740691746,False,2,3,18,38.0,4.0,151,311296,7.625840022000034,4d967a7,2026-10-03T06:35:52+00:00
bd956cd62a53,H2,1.0,parity,hea,1,spsa,150,noisy,FakeSherbrooke,1024.0,readout+zne,42,ok,,-1.0354725984114084,-1.009432881822907,-1.0661086493179366,-1.1011503302326187,65.67773182121029,False,2,8,6,15.0,1.0,151,620544,12.899986025000032,2b542a9,2026-10-03T08:34:02+00:00
bf3d6d4d29d7,H2,0.9,parity,uccsd,1,lbfgsb,80,ideal,,,none,42,ok,,-1.120560281299986,,-1.091914041020057,-1.1205602812999886,2.6645352591003757e-12,True,2,3,18,,,33,0,3.1801477019999993,46e9225,2026-10-03T07:12:33+00:00
c09e26444362,H2,0.735,jordan_wigner,hea,1,cobyla,150,noisy,FakeSherbrooke,1024.0,readout,42,ok,,0.8963873034957099,0.8391854041035696,-1.116998996754004,-1.1373060357534004,2033.69333924911,False,4,16,8,23.0,3.0,98,503808,10.541349268000005,4d967a7,2026-10-03T06:32:30+00:00
c0a4b035bf48,H2,0.735,jordan_wigner,hea,1,cobyla,80,noisy,FakeSherbrooke,1024.0,none,42,ok,,0.8621887847939087,,-1.116998996754004,-1.1373060357534004,1999.494820547309,False,4,16,8,23.0,3.0,81,414720,9.996580402,ba7e130,2026-10-03T06:12:14+00:00
c21c4faa4c79,H2,0.5,parity,uccsd,1,lbfgsb,80,ideal,,,none,42,ok,,-1.0551597944706186,,-1.042996274540095,-1.0551597944706248,6.217248937900877e-12,True,2,3,18,,,33,0,3.5643558929999983,46e9225,2026-10-03T07:12:30+00:00
c356d5d76294,H2,0.7,parity,hea,1,spsa,150,noisy,FakeSherbrooke,1024.0,readout+zne,42,ok,,-1.1335361889057003,-1.0884464803052323,-1.1173490349902786,-1.1361894540659225,2.65326516022224,False,2,8,6,15.0,1.0,151,620544,13.185587307999981,2b542a9,2026-10-03T08:34:00+00:00
c503e899acf2,H2,0.735,parity,uccsd,1,spsa,150,noisy,FakeSherbrooke,1024.0,zne,42,ok,,-1.0945751473300254,-1.085057608036334,-1.116998996754004,-1.1373060357534004,42.73088842337502,False,2,3,18,38.0,4.0,151,618496,10.783008424999991,4d967a7,2026-10-03T06:35:53+00:00
c7227fad5568,H2,2.1,parity,hea,2,spsa,150,noisy,FakeSherbrooke,1024.0,readout,42,ok,,-0.9322032192879408,-0.9110802812471879,-0.7641776516167973,-0.9443746811197422,12.1714618318014,False,2,12,9,23.0,2.0,151,311296,7.887870028999998,46e9225,2026-10-03T07:13:07+00:00
c98505489bac,H2,1.2,parity,hea,2,spsa,150,noisy,FakeSherbrooke,1024.0,readout,42,ok,,-1.0560325887112545,-1.0313168163048276,-1.005106706568489,-1.0567407463052567,0.7081575940022233,True,2,12,9,23.0,2.0,151,311296,7.467244681000011,46e9225,2026-10-03T07:13:07+00:00
c9beeffbadc5,H2,0.735,jordan_wigner,hea,1,cobyla,150,noisy,FakeSherbrooke,1024.0,zne,42,ok,,0.8446189579974519,0.8397382910296142,-1.116998996754004,-1.1373060357534004,1981.9249937508523,False,4,16,8,23.0,3.0,95,972800,14.516550014000003,4d967a7,2026-10-03T06:32:38+00:00
ca79f69add9d,H2,0.5,parity,hea,2,spsa,150,noisy,FakeSherbrooke,1024.0,readout,42,ok,,-1.0482814154641364,-0.9931962821238092,-1.042996274540095,-1.0551597944706248,6.878379006488355,False,2,12,9,23.0,2.0,151,311296,10.206313270999999,46e9225,2026-10-03T07:12:49+00:00
ce8de760b77c,H2,0.735,parity,hea,1,spsa,150,noisy,FakeSherbrooke,1024.0,none,42,ok,,-1.091204733525803,,-1.116998996754004,-1.1373060357534004,46.101302227597344,False,2,8,6,15.0,1.0,151,309248,8.040777376999984,4d967a7,2026-10-03T06:36:25+00:00
cecd97ec3870,H2,2.5,parity,uccsd,1,lbfgsb,80,ideal,,,none,42,ok,,-0.9360549197595409,,-0.7029435997235269,-0.9360549199556059,1.960649420595928e-07,True,2,3,18,,,49,0,1.949341622999981,46e9225,2026-10-03T07:12:40+00:00
d1973d49de7a,H2,0.4,parity,uccsd,1,lbfgsb,80,ideal,,,none,42,ok,,-0.9141497046270737,,-0.9043613941635389,-0.9141497046270843,1.0658141036401503e-11,True,2,3,18,,,33,0,3.610423489999988,46e9225,2026-10-03T07:12:30+00:00
d1c1affc06c3,H2,0.6,parity,uccsd,1,lbfgsb,80,ideal,,,none,42,ok,,-1.116286006869535,,-1.1011282422677016,-1.1162860068695397,4.6629367034256575e-12,True,2,3,18,,,33,0,3.762664966000017,46e9225,2026-10-03T07:12:30+00:00
d2a4a0125347,H2,0.735,jordan_wigner,hea,1,spsa,150,noisy,FakeSherbrooke,4096.0,readout+zne,42,ok,,-1.0225682809317078,-0.9833642855893246,-1.116998996754004,-1.1373060357534004,114.73775482169258,False,4,16,8,23.0,3.0,151,6193152,32.287037440999995,4d967a7,2026-10-03T06:33:51+00:00
d366d85fc7fb,H2,2.1,parity,uccsd,1,spsa,150,noisy,FakeSherbrooke,1024.0,readout+zne,42,ok,,-0.9447294157672517,-0.9189259357468365,-0.7641776516167973,-0.9443746811197422,0.35473464750945816,True,2,3,18,38.0,4.0,151,620544,20.723002527000006,2b542a9,2026-10-03T08:31:58+00:00
d400de232d7d,H2,0.735,jordan_wigner,uccsd,1,lbfgsb,80,ideal,,,none,42,ok,,-1.1373060357533964,,-1.116998996754004,-1.1373060357534004,3.9968028886505635e-12,True,4,3,112,,,33,0,3.5249085369999946,ba7e130,2026-10-03T06:12:11+00:00
d54bb1b6431e,H2,1.5,parity,hea,2,spsa,150,noisy,FakeSherbrooke,1024.0,readout,42,ok,,-1.0020026326583649,-0.9802370955631987,-0.9108735545943865,-0.9981493534714101,3.8532791869547722,False,2,12,9,23.0,2.0,151,311296,7.632014691000023,46e9225,2026-10-03T07:13:07+00:00
d5b17ed5c8eb,H2,0.735,parity,uccsd,1,spsa,150,ideal,,,none,42,ok,,-1.137284301261917,,-1.116998996754004,-1.1373060357534004,0.021734491483460516,True,2,3,18,,,151,0,3.389346300999989,4d967a7,2026-10-03T06:35:49+00:00
d7738cc259dc,H2,0.735,parity,uccsd,1,lbfgsb,150,ideal,,,none,42,ok,,-1.137306035753395,,-1.116998996754004,-1.1373060357534004,5.329070518200751e-12,True,2,3,18,,,33,0,1.099748433000002,4d967a7,2026-10-03T06:36:08+00:00
d8c28dcb9210,H2,0.735,jordan_wigner,uccsd,1,spsa,150,noisy,FakeSherbrooke,4096.0,readout,42,ok,,-0.9109467515152257,-0.8848569953364517,-1.116998996754004,-1.1373060357534004,226.35928423817464,False,4,3,112,217.0,49.0,151,3100672,27.67778614299999,4d967a7,2026-10-03T06:31:58+00:00
d8fd64c5d52b,H2,0.735,jordan_wigner,hea,1,cobyla,80,noisy,FakeSherbrooke,1024.0,readout+zne,42,ok,,0.9465200332403143,0.8604789604749871,-1.116998996754004,-1.1373060357534004,2083.826068993715,False,4,16,8,23.0,3.0,81,831488,13.619511147999994,ba7e130,2026-10-03T06:12:16+00:00
d97f4d82ac99,H2,1.2,parity,hea,1,cobyla,150,ideal,,,none,42,ok,,-1.0558136731289989,,-1.005106706568489,-1.0567407463052567,0.9270731762578421,True,2,8,6,,,151,0,3.275314165999987,46e9225,2026-10-03T07:12:17+00:00
d9cb9d6d70d0,H2,0.735,parity,hea,2,spsa,150,noisy,FakeSherbrooke,1024.0,readout+zne,42,ok,,-1.129969715655192,-1.0912465632232657,-1.116998996754004,-1.1373060357534004,7.336320098208393,False,2,12,9,23.0,2.0,151,620544,10.832389717000012,4d967a7,2026-10-03T06:37:10+00:00
d9f1a4ebd8a8,H2,0.735,jordan_wigner,hea,2,spsa,150,noisy,FakeSherbrooke,4096.0,none,42,ok,,-0.3523839100701368,,-1.116998996754004,-1.1373060357534004,784.9221256832636,False,4,24,12,36.0,6.0,151,3092480,19.857663417999987,4d967a7,2026-10-03T06:35:04+00:00
de5519336d69,H2,0.735,parity,hea,2,cobyla,150,noisy,FakeSherbrooke,1024.0,readout+zne,42,ok,,-1.119053565810518,-1.0834338123670237,-1.116998996754004,-1.1373060357534004,18.25246994288232,False,2,12,9,23.0,2.0,82,337920,8.156235458000026,4d967a7,2026-10-03T06:36:52+00:00
e021c42dd3ff,H2,0.735,parity,uccsd,1,spsa,150,noisy,FakeSherbrooke,4096.0,none,42,ok,,-1.0868767482347574,,-1.116998996754004,-1.1373060357534004,50.42928751864295,False,2,3,18,38.0,4.0,151,1236992,9.592275881000035,4d967a7,2026-10-03T06:35:58+00:00
e185412a5f06,H2,0.735,jordan_wigner,uccsd,1,cobyla,80,noisy,FakeSherbrooke,1024.0,readout+zne,42,ok,,-0.9796239912231021,-0.8347918812264693,-1.116998996754004,-1.1373060357534004,157.68204453029833,False,4,3,112,217.0,49.0,28,288768,16.248254939,ba7e130,2026-10-03T06:12:07+00:00
e1915e76a45b,H2,0.9,parity,hea,2,cobyla,150,noisy,FakeSherbrooke,4096.0,readout+zne,42,ok,,-1.1040202928515517,-1.0720432169489433,-1.091914041020057,-1.1205602812999886,16.539988448436958,False,2,12,9,23.0,2.0,75,1236992,11.704061821999971,2b542a9,2026-10-03T08:34:53+00:00
e23a85cb9963,H2,0.3,parity,uccsd,1,lbfgsb,80,ideal,,,none,42,ok,,-0.6018037107622782,,-0.5938277585357272,-0.6018037107656871,3.4088287748090806e-09,True,2,3,18,,,29,0,3.0996020970000018,46e9225,2026-10-03T07:12:30+00:00
e395a981cdac,H2,0.735,jordan_wigner,hea,1,cobyla,80,ideal,,,none,42,ok,,-0.5557492619454337,,-1.116998996754004,-1.1373060357534004,581.5567738079667,False,4,16,8,,,81,0,2.232202360999999,ba7e130,2026-10-03T06:12:13+00:00
e3f6a0cd80e3,H2,0.735,jordan_wigner,hea,2,cobyla,150,noisy,FakeSherbrooke,4096.0,readout+zne,42,ok,,-0.5325844283621656,-0.531981782766415,-1.116998996754004,-1.1373060357534004,604.7216073912348,False,4,24,12,36.0,6.0,143,5865472,33.041708581999984,4d967a7,2026-10-03T06:34:30+00:00
e421e053e169,H2,1.0,parity,hea,2,spsa,150,noisy,FakeSherbrooke,1024.0,readout,42,ok,,-1.0964487107715368,-1.0678412329205678,-1.0661086493179366,-1.1011503302326187,4.70161946108183,False,2,12,9,23.0,2.0,151,311296,7.556484281999985,46e9225,2026-10-03T07:13:00+00:00
e4546c0a2b2c,H2,0.735,parity,hea,1,cobyla,150,noisy,FakeSherbrooke,4096.0,readout,42,ok,,-0.3649087521077422,-0.3435236961418341,-1.116998996754004,-1.1373060357534004,772.3972836456581,False,2,8,6,15.0,1.0,52,434176,6.5636605320000285,4d967a7,2026-10-03T06:36:19+00:00
e6dc7d1c8f10,H2,0.735,jordan_wigner,hea,2,spsa,150,noisy,FakeSherbrooke,1024.0,readout,42,ok,,-0.28424274569263075,-0.27708995214237775,-1.116998996754004,-1.1373060357534004,853.0632900607696,False,4,24,12,36.0,6.0,151,775168,13.156786320999998,4d967a7,2026-10-03T06:34:44+00:00
e723405035a5,H2,1.8,parity,hea,1,cobyla,150,ideal,,,none,42,ok,,-0.9175562395555988,,-0.8288481479269775,-0.9618169527925807,44.260713236981886,False,2,8,6,,,151,0,3.318652377999996,46e9225,2026-10-03T07:12:17+00:00
e75e2b494c54,H2,0.735,jordan_wigner,hea,2,cobyla,150,ideal,,,none,42,ok,,-1.115998845821518,,-1.116998996754004,-1.1373060357534004,21.30718993188241,False,4,24,12,,,151,0,1.8220627930000148,4d967a7,2026-10-03T06:33:53+00:00
e850b103e761,H2,0.3,parity,hea,1,spsa,150,noisy,FakeSherbrooke,1024.0,readout+zne,42,ok,,-0.5472768199724114,-0.4740020152422044,-0.5938277585357272,-0.6018037107656871,54.52689079327566,False,2,8,6,15.0,1.0,151,620544,47.64652367599996,2b542a9,2026-10-03T08:33:12+00:00
ed37a1cc5ce9,H2,1.2,parity,hea,1,spsa,150,noisy,FakeSherbrooke,1024.0,readout+zne,42,ok,,-0.963046698754512,-0.9396504768582389,-1.005106706568489,-1.0567407463052567,93.69404755074473,False,2,8,6,15.0,1.0,151,620544,11.137383438000029,2b542a9,2026-10-03T08:34:14+00:00
eda63845e85f,H2,0.735,parity,hea,2,cobyla,150,noisy,FakeSherbrooke,4096.0,none,42,ok,,-1.0864424657890805,,-1.116998996754004,-1.1373060357534004,50.863569964319844,False,2,12,9,23.0,2.0,76,622592,7.148750118999999,4d967a7,2026-10-03T06:36:57+00:00
ee9b195bf2ec,H2,0.735,jordan_wigner,uccsd,1,cobyla,60,noisy,FakeSherbrooke,1024.0,readout+zne,42,ok,,-0.9607202793444417,-0.8148640392701719,-1.116998996754004,-1.1373060357534004,176.58575640895867,False,4,3,112,217.0,49.0,29,299008,11.920635286,05177fd,2026-10-03T04:37:03+00:00
f2007b2ecaef,H2,0.3,parity,hea,1,cobyla,150,ideal,,,none,42,ok,,-0.6014819727604905,,-0.5938277585357272,-0.6018037107656871,0.32173800519652573,True,2,8,6,,,151,0,3.5103896310000096,46e9225,2026-10-03T07:12:10+00:00
f2cedcdaf509,H2,0.735,jordan_wigner,uccsd,1,cobyla,150,noisy,FakeSherbrooke,4096.0,readout,42,ok,,-0.9052232206329026,-0.8797205159703004,-1.116998996754004,-1.1373060357534004,232.08281512049777,False,4,3,112,217.0,49.0,29,602112,9.151594681999995,4d967a7,2026-10-03T06:31:22+00:00
f3640720a117,H2,1.2,parity,uccsd,1,spsa,150,noisy,FakeSherbrooke,1024.0,readout+zne,42,ok,,-1.0558562044022142,-1.0340913476482902,-1.005106706568489,-1.0567407463052567,0.8845419030425461,True,2,3,18,38.0,4.0,151,620544,20.48871716900001,2b542a9,2026-10-03T08:31:58+00:00
f38870930561,H2,0.735,jordan_wigner,uccsd,1,spsa,150,ideal,,,none,42,ok,,-1.1372843012619183,,-1.116998996754004,-1.1373060357534004,0.02173449148212825,True,4,3,112,,,151,0,5.615270348999999,4d967a7,2026-10-03T06:31:30+00:00
f7f8db73f539,H2,0.735,parity,hea,1,spsa,150,noisy,FakeSherbrooke,1024.0,readout+zne,42,ok,,-1.133483860876506,-1.090367076475082,-1.116998996754004,-1.1373060357534004,3.822174876894291,False,2,8,6,15.0,1.0,151,620544,10.371120428999973,4d967a7,2026-10-03T06:36:34+00:00
fa40a21bed7d,H2,0.3,parity,hea,2,cobyla,150,noisy,FakeSherbrooke,4096.0,readout+zne,42,ok,,-0.5869260484787064,-0.5089276166476879,-0.5938277585357272,-0.6018037107656871,14.87766228698062,False,2,12,9,23.0,2.0,74,1220608,11.449760657000013,2b542a9,2026-10-03T08:34:41+00:00
faeee8710390,H2,1.5,parity,hea,2,cobyla,150,noisy,FakeSherbrooke,4096.0,readout+zne,42,ok,,-0.923726054496846,-0.9102288854777969,-0.9108735545943865,-0.9981493534714101,74.42329897456412,False,2,12,9,23.0,2.0,79,1302528,12.187852885999973,2b542a9,2026-10-03T08:35:05+00:00
fb095cfa944a,H2,0.5,parity,hea,1,spsa,150,noisy,FakeSherbrooke,1024.0,readout+zne,42,ok,,-1.0537452104619691,-0.9901158604891489,-1.042996274540095,-1.0551597944706248,1.4145840086556838,True,2,8,6,15.0,1.0,151,620544,47.63543911800002,2b542a9,2026-10-03T08:33:13+00:00
fb6f98df2bfd,H2,0.735,parity,uccsd,1,spsa,80,ideal,,,none,42,ok,,-1.1372967556833742,,-1.116998996754004,-1.1373060357534004,0.009280070026207454,True,2,3,18,,,81,0,2.0700144819999906,ba7e130,2026-10-03T06:12:22+00:00
fbbec455ceba,H2,0.8,parity,hea,1,cobyla,150,ideal,,,none,42,ok,,-1.1341317803625304,,-1.1108503974765949,-1.1341476666770953,0.015886314564950155,True,2,8,6,,,151,0,3.474926535999998,46e9225,2026-10-03T07:12:13+00:00
0392e4c9b50e,LiH,1.595,parity,hea,2,spsa,300,noisy,FakeSherbrooke,4096.0,zne,42,ok,,-7.328020074150839,-7.329929967820232,-7.862023860127121,-7.881145080980758,553.1250068299194,False,4,24,11,28.0,6.0,301,61644800,228.94876790700005,4d967a7,2026-10-03T07:00:32+00:00
0a531d88fdbc,LiH,1.595,parity,hea,1,cobyla,300,noisy,FakeSherbrooke,1024.0,readout+zne,42,ok,,-6.9743483915514375,-6.983766155562824,-7.862023860127118,-7.881145080980758,906.7966894293206,False,4,16,7,19.0,3.0,96,4917248,44.91779457100006,f75d9d3,2026-10-03T05:46:28+00:00
0d847e64be3f,LiH,1.595,parity,hea,1,cobyla,300,noisy,FakeSherbrooke,4096.0,none,42,ok,,-6.978132532128794,,-7.862023860127125,-7.88114508098076,903.012548851966,False,4,16,7,19.0,3.0,99,10137600,46.794665826,4d967a7,2026-10-03T06:46:08+00:00
0e47f5e3529a,LiH,1.595,parity,hea,1,spsa,300,noisy,FakeSherbrooke,1024.0,readout+zne,42,ok,,-7.822278191651199,-7.802077943379586,-7.862023860127121,-7.881145080980759,58.8668893295603,False,4,16,7,19.0,3.0,301,15413248,149.48520168200002,4d967a7,2026-10-03T06:49:48+00:00
0fbd6513a0ca,LiH,1.595,parity,hea,2,cobyla,300,noisy,FakeSherbrooke,1024.0,readout+zne,42,ok,,-7.3543413806106095,-7.32313992649639,-7.862023860127125,-7.88114508098076,526.8037003701504,False,4,24,11,28.0,6.0,155,7938048,83.99166134400002,4d967a7,2026-10-03T06:53:38+00:00
181e10672419,LiH,1.595,parity,hea,2,spsa,300,noisy,FakeSherbrooke,4096.0,readout,42,ok,,-7.054061516660666,-7.060653902850756,-7.862023860127125,-7.88114508098076,827.0835643200937,False,4,24,11,28.0,6.0,301,30830592,134.651537997,4d967a7,2026-10-03T06:58:53+00:00
1907db2d0933,LiH,1.595,jordan_wigner,hea,2,lbfgsb,300,ideal,,,none,42,ok,,-7.297858790354365,,-7.862023860127121,-7.881145080980758,583.2862906263933,False,6,36,13,,,334,0,21.879053053000007,f75d9d3,2026-10-03T05:44:29+00:00
1f966fceca9a,LiH,1.595,parity,hea,1,cobyla,300,noisy,FakeSherbrooke,4096.0,readout+zne,42,ok,,-6.963690131686441,-6.982589523419378,-7.862023860127125,-7.88114508098076,917.4549492943189,False,4,16,7,19.0,3.0,100,20488192,94.44725357200002,4d967a7,2026-10-03T06:47:39+00:00
251c88ac86b5,LiH,1.595,parity,uccsd,1,cobyla,300,noisy,FakeSherbrooke,4096.0,zne,42,ok,,-7.5057381522715785,-7.368902588456564,-7.862023860127125,-7.88114508098076,375.40692870918144,False,4,8,361,927.0,203.0,54,11059200,291.938023871,4d967a7,2026-10-03T06:44:56+00:00
25c91bf9617d,LiH,1.595,parity,uccsd,1,cobyla,300,noisy,FakeSherbrooke,1024.0,readout+zne,42,ok,,-7.5146600321188695,-7.3644624922159085,-7.862023860127123,-7.881145080980761,366.48504886189136,False,4,8,361,927.0,203.0,52,2664448,229.07626657700007,f75d9d3,2026-10-03T05:45:06+00:00
284bc6bb4b6e,LiH,1.595,parity,hea,2,spsa,300,noisy,FakeSherbrooke,1024.0,readout+zne,42,ok,,-7.227352389651937,-7.227287558222642,-7.862023860127121,-7.88114508098076,653.7926913288228,False,4,24,11,28.0,6.0,301,15413248,145.54521328399994,4d967a7,2026-10-03T06:58:17+00:00
28577772f3f7,LiH,1.595,parity,uccsd,1,cobyla,300,ideal,,,none,42,ok,,-7.881145070280015,,-7.8620238601271195,-7.881145080980756,1.0700741626124e-05,True,4,8,361,,,190,0,49.20685674999993,f75d9d3,2026-10-03T05:44:42+00:00
2ada33f197dc,LiH,1.595,jordan_wigner,hea,2,cobyla,300,ideal,,,none,42,ok,,-7.715500717876812,,-7.862023860127121,-7.88114508098076,165.64436310394814,False,6,36,13,,,301,0,26.285594027000002,f75d9d3,2026-10-03T05:44:03+00:00
335b8dac51ed,LiH,1.595,parity,hea,1,lbfgsb,300,ideal,,,none,42,ok,,-7.861607601000742,,-7.862023860127125,-7.88114508098076,19.53747998001809,False,4,16,7,,,307,0,5.859724928000105,f75d9d3,2026-10-03T05:46:54+00:00
3de71fa3bc43,LiH,1.595,parity,uccsd,1,cobyla,300,noisy,FakeSherbrooke,1024.0,none,42,ok,,-7.324596386761751,,-7.8620238601271195,-7.881145080980756,556.5486942190053,False,4,8,361,927.0,203.0,52,1331200,143.98672140300005,f75d9d3,2026-10-03T05:44:51+00:00
442cc1082d77,LiH,1.595,parity,uccsd,1,lbfgsb,300,ideal,,,none,42,ok,,-7.881145080911271,,-7.862023860127123,-7.88114508098076,6.94893032004984e-08,True,4,8,361,,,127,0,15.26739130299984,f75d9d3,2026-10-03T05:46:04+00:00
46b3173964f2,LiH,1.595,parity,hea,1,spsa,300,noisy,FakeSherbrooke,1024.0,readout,42,ok,,-7.749875613611749,-7.730632149735756,-7.8620238601271195,-7.881145080980759,131.2694673690098,False,4,16,7,19.0,3.0,301,7707648,83.55848311199998,4d967a7,2026-10-03T06:49:14+00:00
470fc5084ec4,LiH,1.595,parity,hea,1,cobyla,300,noisy,FakeSherbrooke,1024.0,readout,42,ok,,-6.9804476357361205,-6.993917133869877,-7.862023860127123,-7.881145080980763,900.6974452446422,False,4,16,7,19.0,3.0,94,2408448,22.824394678000004,4d967a7,2026-10-03T06:45:08+00:00
5026b59bab72,LiH,1.595,parity,uccsd,1,cobyla,300,noisy,FakeSherbrooke,4096.0,readout,42,ok,,-7.3924492979351,-7.384147046327947,-7.862023860127123,-7.8811450809807635,488.69578304566375,False,4,8,361,927.0,203.0,52,5332992,117.31496418399999,4d967a7,2026-10-03T06:43:10+00:00
509644f1c687,LiH,1.595,parity,hea,2,cobyla,300,noisy,FakeSherbrooke,4096.0,readout+zne,42,ok,,-7.372180003121804,-7.338740735183761,-7.862023860127121,-7.8811450809807635,508.96507785895915,False,4,24,11,28.0,6.0,139,28475392,150.64242327,4d967a7,2026-10-03T06:56:22+00:00
5284af8d91ea,LiH,1.595,parity,hea,2,cobyla,300,ideal,,,none,42,ok,,-7.845941474038391,,-7.862023860127123,-7.881145080980759,35.20360694236846,False,4,24,11,,,301,0,6.225988130999895,f75d9d3,2026-10-03T05:47:00+00:00
581b49ef17ce,LiH,1.595,parity,hea,2,spsa,300,noisy,FakeSherbrooke,4096.0,none,42,ok,,-7.28426383695384,,-7.862023860127123,-7.88114508098076,596.8812440269202,False,4,24,11,28.0,6.0,301,30822400,140.56329467399996,4d967a7,2026-10-03T06:58:29+00:00
5dc29925a8e1,LiH,1.595,parity,hea,1,spsa,300,noisy,FakeSherbrooke,4096.0,none,42,ok,,-7.73229342374342,,-7.862023860127123,-7.88114508098076,148.85165723733974,False,4,16,7,19.0,3.0,301,30822400,150.54785281499994,4d967a7,2026-10-03T06:50:03+00:00
7354112b7c77,LiH,1.595,parity,hea,1,cobyla,300,ideal,,,none,42,ok,,-7.862023821854761,,-7.862023860127118,-7.88114508098076,19.121259125999046,False,4,16,7,,,301,0,7.545130957000083,f75d9d3,2026-10-03T05:46:20+00:00
74e92b064eb3,LiH,1.595,jordan_wigner,hea,1,lbfgsb,300,ideal,,,none,42,ok,,-7.519562649264675,,-7.8620238601271195,-7.881145080980756,361.582431716081,False,6,24,9,,,401,0,28.024082917999976,f75d9d3,2026-10-03T05:43:34+00:00
787450e76e02,LiH,1.595,parity,hea,2,lbfgsb,300,ideal,,,none,42,ok,,-7.767175109644343,,-7.862023860127123,-7.881145080980759,113.96997133641574,False,4,24,11,,,326,0,4.859401145999982,f75d9d3,2026-10-03T05:47:12+00:00
7b1376c06ec0,LiH,1.595,jordan_wigner,hea,2,spsa,300,ideal,,,none,42,ok,,-7.820885942776727,,-7.862023860127127,-7.881145080980759,60.259138204031615,False,6,36,13,,,301,0,20.00431671399997,f75d9d3,2026-10-03T05:44:22+00:00
7eefe47279db,LiH,1.595,parity,hea,2,cobyla,300,noisy,FakeSherbrooke,1024.0,none,42,ok,,-7.325351937931933,,-7.8620238601271195,-7.881145080980758,555.7931430488247,False,4,24,11,28.0,6.0,143,3660800,37.312248673,4d967a7,2026-10-03T06:52:33+00:00
845414869553,LiH,1.595,parity,hea,2,cobyla,300,noisy,FakeSherbrooke,4096.0,none,42,ok,,-7.3286833783979874,,-7.862023860127123,-7.88114508098076,552.4617025827725,False,4,24,11,28.0,6.0,140,14336000,80.72670137,4d967a7,2026-10-03T06:54:21+00:00
8b11d4bd182c,LiH,1.595,jordan_wigner,uccsd,1,cobyla,300,ideal,,,none,42,ok,,-7.881145070279997,,-7.862023860127118,-7.881145080980756,1.0700759389692394e-05,True,6,8,456,,,190,0,137.94878470899994,f75d9d3,2026-10-03T05:42:47+00:00
8f4ddd0a8f4a,LiH,1.595,parity,hea,2,cobyla,300,noisy,FakeSherbrooke,1024.0,readout,42,ok,,-7.3594404422982596,-7.336219341826604,-7.862023860127118,-7.881145080980759,521.7046386824995,False,4,24,11,28.0,6.0,150,3842048,38.706313234999925,4d967a7,2026-10-03T06:52:59+00:00
92a04197874b,LiH,1.595,parity,uccsd,1,cobyla,300,noisy,FakeSherbrooke,4096.0,readout+zne,42,ok,,-7.515001889965989,-7.367964441609271,-7.862023860127125,-7.88114508098076,366.1431910147712,False,4,8,361,927.0,203.0,52,10657792,279.60298441400005,4d967a7,2026-10-03T06:45:07+00:00
956cfec762b2,LiH,1.595,parity,hea,1,cobyla,300,noisy,FakeSherbrooke,4096.0,readout,42,ok,,-6.964415398757547,-6.981886639197725,-7.862023860127123,-7.881145080980759,916.7296822232123,False,4,16,7,19.0,3.0,98,10043392,43.907248820999996,4d967a7,2026-10-03T06:46:55+00:00
96164f9f7963,LiH,1.595,parity,hea,2,cobyla,300,noisy,FakeSherbrooke,1024.0,zne,42,ok,,-7.301065664536853,-7.308833438875736,-7.862023860127125,-7.88114508098076,580.0794164439073,False,4,24,11,28.0,6.0,141,7219200,69.90309899800002,4d967a7,2026-10-03T06:53:11+00:00
9990919ce7c9,LiH,1.595,parity,uccsd,1,spsa,300,ideal,,,none,42,ok,,-7.8810578271322385,,-7.862023860127121,-7.881145080980758,0.0872538485197083,True,4,8,361,,,301,0,52.81224181899984,f75d9d3,2026-10-03T05:45:32+00:00
9c6aafe06f9e,LiH,1.595,parity,hea,1,spsa,300,noisy,FakeSherbrooke,4096.0,readout,42,ok,,-7.844559319967255,-7.822575172427571,-7.862023860127125,-7.88114508098076,36.58576101350519,False,4,16,7,19.0,3.0,301,30830592,141.55979247800002,4d967a7,2026-10-03T06:50:37+00:00
9cce15b9eba5,LiH,1.595,parity,hea,2,spsa,300,ideal,,,none,42,ok,,-7.214073193234805,,-7.862023860127125,-7.88114508098076,667.0718877459549,False,4,24,11,,,301,0,5.2096016590001,f75d9d3,2026-10-03T05:47:06+00:00
9fb781c95ee9,LiH,1.595,parity,uccsd,1,cobyla,300,noisy,FakeSherbrooke,4096.0,none,42,ok,,-7.3636948295227125,,-7.862023860127116,-7.881145080980755,517.4502514580421,False,4,8,361,927.0,203.0,52,5324800,117.58085552600001,4d967a7,2026-10-03T06:43:10+00:00
a04c6e9b98af,LiH,1.595,parity,hea,2,spsa,300,noisy,FakeSherbrooke,1024.0,readout,42,ok,,-7.5397228397775775,-7.517518719059164,-7.862023860127125,-7.88114508098076,341.4222412031824,False,4,24,11,28.0,6.0,301,7707648,90.12835695700005,4d967a7,2026-10-03T06:56:46+00:00
a3cb08ff80d9,LiH,1.595,parity,hea,1,spsa,300,noisy,FakeSherbrooke,4096.0,readout+zne,42,ok,,-7.8232359531607685,-7.797413551774292,-7.862023860127125,-7.88114508098076,57.90912781999147,False,4,16,7,19.0,3.0,301,61652992,268.62205849500003,4d967a7,2026-10-03T06:52:17+00:00
b3a09c583f2d,LiH,1.595,parity,hea,1,spsa,300,noisy,FakeSherbrooke,1024.0,zne,42,ok,,-7.80988917100094,-7.8026769911854625,-7.862023860127125,-7.88114508098076,71.25590997982023,False,4,16,7,19.0,3.0,301,15411200,146.01140073000005,4d967a7,2026-10-03T06:49:47+00:00
b4e5c23bde33,LiH,1.595,parity,hea,1,spsa,300,noisy,FakeSherbrooke,1024.0,none,42,ok,,-7.819868570969692,,-7.8620238601271195,-7.881145080980758,61.2765100110666,False,4,16,7,19.0,3.0,301,7705600,79.39502958100002,4d967a7,2026-10-03T06:48:43+00:00
b6f7b2587676,LiH,1.595,jordan_wigner,hea,1,spsa,300,ideal,,,none,42,ok,,-7.66326620426217,,-7.862023860127121,-7.881145080980758,217.87887671858817,False,6,24,9,,,301,0,22.090978719999953,f75d9d3,2026-10-03T05:43:12+00:00
b8cdeff236aa,LiH,1.595,parity,hea,1,cobyla,300,noisy,FakeSherbrooke,1024.0,none,42,ok,,-6.985699609176123,,-7.8620238601271195,-7.8811450809807555,895.4454718046323,False,4,16,7,19.0,3.0,93,2380800,24.135088934000123,f75d9d3,2026-10-03T05:46:25+00:00
b905bf1991d1,LiH,1.595,parity,hea,2,spsa,300,noisy,FakeSherbrooke,1024.0,zne,42,ok,,-7.7754710644776726,-7.768606538231422,-7.8620238601271195,-7.8811450809807555,105.67401650308295,False,4,24,11,28.0,6.0,301,15411200,145.02695806000008,4d967a7,2026-10-03T06:58:07+00:00
b99d982c4f4f,LiH,1.595,jordan_wigner,hea,1,cobyla,300,ideal,,,none,42,ok,,-7.860802788048437,,-7.862023860127123,-7.881145080980758,20.34229293232137,False,6,24,9,,,301,0,23.87973681899996,f75d9d3,2026-10-03T05:42:48+00:00
bf0e527d9a4c,LiH,1.595,parity,hea,1,cobyla,300,noisy,FakeSherbrooke,4096.0,zne,42,ok,,-6.980520456322192,-6.9810856705686275,-7.862023860127123,-7.881145080980758,900.6246246585663,False,4,16,7,19.0,3.0,95,19456000,86.45010869200001,4d967a7,2026-10-03T06:47:16+00:00
c0bd0d62ae9c,LiH,1.595,parity,hea,1,spsa,300,ideal,,,none,42,ok,,-7.853445896951577,,-7.862023860127125,-7.88114508098076,27.699184029183144,False,4,16,7,,,301,0,4.795498081999995,f75d9d3,2026-10-03T05:46:49+00:00
c6a13b43d8e4,LiH,1.595,jordan_wigner,uccsd,1,spsa,300,ideal,,,none,42,ok,,-7.881057827132237,,-7.862023860127121,-7.881145080980762,0.08725384852503737,True,6,8,456,,,301,0,196.71927494299996,f75d9d3,2026-10-03T05:42:47+00:00
cd0654683101,LiH,1.595,jordan_wigner,uccsd,1,lbfgsb,300,ideal,,,none,42,ok,,-7.8811450809022565,,-7.862023860127118,-7.881145080980758,7.850164962519557e-08,True,6,8,456,,,127,0,94.30808397999999,f75d9d3,2026-10-03T05:42:47+00:00
ceabeaa6de45,LiH,1.595,parity,uccsd,1,cobyla,300,noisy,FakeSherbrooke,1024.0,readout,42,ok,,-7.342226011092463,-7.332294607761398,-7.862023860127123,-7.881145080980758,538.9190698882951,False,4,8,361,927.0,203.0,51,1307648,105.66218955699998,4d967a7,2026-10-03T06:43:10+00:00
d0b27bcedd2f,LiH,1.595,parity,hea,2,cobyla,300,noisy,FakeSherbrooke,4096.0,readout,42,ok,,-7.347768719209405,-7.328185142756008,-7.862023860127125,-7.88114508098076,533.3763617713547,False,4,24,11,28.0,6.0,149,15265792,79.474553217,4d967a7,2026-10-03T06:55:02+00:00
d3ec503479ee,LiH,1.595,parity,hea,2,spsa,300,noisy,FakeSherbrooke,1024.0,none,42,ok,,-7.761524572240856,,-7.862023860127125,-7.88114508098076,119.62050873990381,False,4,24,11,28.0,6.0,301,7705600,87.13956497200002,4d967a7,2026-10-03T06:56:40+00:00
e02919467e72,LiH,1.595,parity,hea,1,cobyla,300,noisy,FakeSherbrooke,1024.0,zne,42,ok,,-6.965336350847484,-6.972727220238453,-7.862023860127125,-7.88114508098076,915.8087301332758,False,4,16,7,19.0,3.0,94,4812800,37.39917894000001,4d967a7,2026-10-03T06:45:31+00:00
e178ad3d0870,LiH,1.595,parity,hea,1,spsa,300,noisy,FakeSherbrooke,4096.0,zne,42,ok,,-7.2897901799102245,-7.293186009231466,-7.8620238601271195,-7.881145080980758,591.3549010705336,False,4,16,7,19.0,3.0,301,61644800,266.534275052,4d967a7,2026-10-03T06:52:13+00:00
e98ffe7bead5,LiH,1.595,parity,uccsd,1,cobyla,300,noisy,FakeSherbrooke,1024.0,zne,42,ok,,-7.540684794185707,-7.386505544499067,-7.8620238601271195,-7.881145080980757,340.46028679505014,False,4,8,361,927.0,203.0,53,2713600,246.33816772899996,4d967a7,2026-10-03T06:43:10+00:00
ee329403b878,LiH,1.595,parity,hea,2,spsa,300,noisy,FakeSherbrooke,4096.0,readout+zne,42,ok,,-7.059263671875483,-7.051358789005615,-7.862023860127123,-7.881145080980762,821.8814091052789,False,4,24,11,28.0,6.0,301,61652992,228.944681984,4d967a7,2026-10-03T07:00:42+00:00
f60864f73ad9,LiH,1.595,parity,hea,2,cobyla,300,noisy,FakeSherbrooke,4096.0,zne,42,ok,,-7.348323704849104,-7.338777917067898,-7.862023860127125,-7.88114508098076,532.8213761316558,False,4,24,11,28.0,6.0,156,31948800,166.70604138800002,4d967a7,2026-10-03T06:55:42+00:00
